,Id_per,especialidad_ing
0,PRS-1,Electrónica
1,PRS-2,Química
2,PRS-3,Telecomunicaciones
3,PRS-4,Química
4,PRS-5,Química
5,PRS-6,Mecánica
6,PRS-7,Telecomunicaciones
7,PRS-8,Química
8,PRS-9,Aeroespacial
9,PRS-10,Química
10,PRS-11,Aeroespacial
11,PRS-12,Informática
12,PRS-13,Mecánica
13,PRS-14,Química
14,PRS-15,Telecomunicaciones
15,PRS-16,Telecomunicaciones
16,PRS-17,Mecánica
17,PRS-18,Mecánica
18,PRS-19,Mecánica
19,PRS-20,Aeroespacial
20,PRS-21,Aeroespacial
21,PRS-22,Química
22,PRS-23,Telecomunicaciones
23,PRS-24,Informática
24,PRS-25,Mecánica
25,PRS-26,Mecánica
26,PRS-27,Telecomunicaciones
27,PRS-28,Telecomunicaciones
28,PRS-29,Informática
29,PRS-30,Química
30,PRS-31,Informática
31,PRS-32,Electrónica
32,PRS-33,Informática
33,PRS-34,Telecomunicaciones
34,PRS-35,Aeroespacial
35,PRS-36,Electrónica
36,PRS-37,Aeroespacial
37,PRS-38,Química
38,PRS-39,Mecánica
39,PRS-40,Mecánica
40,PRS-41,Mecánica
41,PRS-42,Telecomunicaciones
42,PRS-43,Electrónica
43,PRS-44,Electrónica
44,PRS-45,Informática
45,PRS-46,Informática
46,PRS-47,Electrónica
47,PRS-48,Aeroespacial
48,PRS-49,Aeroespacial
49,PRS-50,Electrónica
50,PRS-51,Mecánica
51,PRS-52,Aeroespacial
52,PRS-53,Química
53,PRS-54,Informática
54,PRS-55,Mecánica
55,PRS-56,Electrónica
56,PRS-57,Informática
57,PRS-58,Electrónica
58,PRS-59,Telecomunicaciones
59,PRS-60,Aeroespacial
60,PRS-61,Telecomunicaciones
61,PRS-62,Aeroespacial
62,PRS-63,Informática
63,PRS-64,Telecomunicaciones
64,PRS-65,Aeroespacial
65,PRS-66,Química
66,PRS-67,Aeroespacial
67,PRS-68,Electrónica
68,PRS-69,Mecánica
69,PRS-70,Mecánica
70,PRS-71,Mecánica
71,PRS-72,Aeroespacial
72,PRS-73,Mecánica
73,PRS-74,Electrónica
74,PRS-75,Informática
75,PRS-76,Aeroespacial
76,PRS-77,Informática
77,PRS-78,Electrónica
78,PRS-79,Electrónica
79,PRS-80,Informática
80,PRS-81,Electrónica
81,PRS-82,Mecánica
82,PRS-83,Química
83,PRS-84,Informática
84,PRS-85,Telecomunicaciones
85,PRS-86,Química
86,PRS-87,Mecánica
87,PRS-88,Aeroespacial
88,PRS-89,Telecomunicaciones
89,PRS-90,Química
90,PRS-91,Aeroespacial
91,PRS-92,Química
92,PRS-93,Aeroespacial
93,PRS-94,Aeroespacial
94,PRS-95,Química
95,PRS-96,Informática
96,PRS-97,Informática
97,PRS-98,Telecomunicaciones
98,PRS-99,Química
99,PRS-100,Telecomunicaciones
100,PRS-101,Electrónica
101,PRS-102,Telecomunicaciones
102,PRS-103,Telecomunicaciones
103,PRS-104,Química
104,PRS-105,Mecánica
105,PRS-106,Química
106,PRS-107,Informática
107,PRS-108,Informática
108,PRS-109,Aeroespacial
109,PRS-110,Telecomunicaciones
110,PRS-111,Química
111,PRS-112,Química
112,PRS-113,Informática
113,PRS-114,Aeroespacial
114,PRS-115,Química
115,PRS-116,Telecomunicaciones
116,PRS-117,Aeroespacial
117,PRS-118,Aeroespacial
118,PRS-119,Química
119,PRS-120,Telecomunicaciones
120,PRS-121,Telecomunicaciones
121,PRS-122,Electrónica
122,PRS-123,Mecánica
123,PRS-124,Mecánica
124,PRS-125,Informática
125,PRS-126,Telecomunicaciones
126,PRS-127,Electrónica
127,PRS-128,Química
128,PRS-129,Telecomunicaciones
129,PRS-130,Telecomunicaciones
130,PRS-131,Electrónica
131,PRS-132,Mecánica
132,PRS-133,Mecánica
133,PRS-134,Telecomunicaciones
134,PRS-135,Electrónica
135,PRS-136,Electrónica
136,PRS-137,Electrónica
137,PRS-138,Electrónica
138,PRS-139,Aeroespacial
139,PRS-140,Mecánica
140,PRS-141,Química
141,PRS-142,Electrónica
142,PRS-143,Aeroespacial
143,PRS-144,Aeroespacial
144,PRS-145,Telecomunicaciones
145,PRS-146,Telecomunicaciones
146,PRS-147,Mecánica
147,PRS-148,Aeroespacial
148,PRS-149,Informática
149,PRS-150,Informática
150,PRS-151,Mecánica
151,PRS-152,Mecánica
152,PRS-153,Mecánica
153,PRS-154,Mecánica
154,PRS-155,Química
155,PRS-156,Electrónica
156,PRS-157,Electrónica
157,PRS-158,Informática
158,PRS-159,Mecánica
159,PRS-160,Electrónica
160,PRS-161,Informática
161,PRS-162,Aeroespacial
162,PRS-163,Química
163,PRS-164,Telecomunicaciones
164,PRS-165,Mecánica
165,PRS-166,Informática
166,PRS-167,Informática
167,PRS-168,Mecánica
168,PRS-169,Química
169,PRS-170,Informática
170,PRS-171,Electrónica
171,PRS-172,Electrónica
172,PRS-173,Aeroespacial
173,PRS-174,Informática
174,PRS-175,Aeroespacial
175,PRS-176,Mecánica
176,PRS-177,Electrónica
177,PRS-178,Telecomunicaciones
178,PRS-179,Química
179,PRS-180,Mecánica
180,PRS-181,Electrónica
181,PRS-182,Mecánica
182,PRS-183,Informática
183,PRS-184,Química
184,PRS-185,Informática
185,PRS-186,Química
186,PRS-187,Telecomunicaciones
187,PRS-188,Telecomunicaciones
188,PRS-189,Telecomunicaciones
189,PRS-190,Mecánica
190,PRS-191,Telecomunicaciones
191,PRS-192,Informática
192,PRS-193,Aeroespacial
193,PRS-194,Aeroespacial
194,PRS-195,Química
195,PRS-196,Química
196,PRS-197,Mecánica
197,PRS-198,Química
198,PRS-199,Telecomunicaciones
199,PRS-200,Aeroespacial
200,PRS-201,Telecomunicaciones
201,PRS-202,Aeroespacial
202,PRS-203,Química
203,PRS-204,Mecánica
204,PRS-205,Química
205,PRS-206,Mecánica
206,PRS-207,Química
207,PRS-208,Química
208,PRS-209,Química
209,PRS-210,Informática
210,PRS-211,Electrónica
211,PRS-212,Telecomunicaciones
212,PRS-213,Electrónica
213,PRS-214,Informática
214,PRS-215,Química
215,PRS-216,Aeroespacial
216,PRS-217,Mecánica
217,PRS-218,Electrónica
218,PRS-219,Química
219,PRS-220,Telecomunicaciones
220,PRS-221,Electrónica
221,PRS-222,Telecomunicaciones
222,PRS-223,Química
223,PRS-224,Química
224,PRS-225,Aeroespacial
225,PRS-226,Electrónica
226,PRS-227,Química
227,PRS-228,Química
228,PRS-229,Mecánica
229,PRS-230,Informática
230,PRS-231,Mecánica
231,PRS-232,Aeroespacial
232,PRS-233,Telecomunicaciones
233,PRS-234,Telecomunicaciones
234,PRS-235,Telecomunicaciones
235,PRS-236,Mecánica
236,PRS-237,Mecánica
237,PRS-238,Mecánica
238,PRS-239,Aeroespacial
239,PRS-240,Telecomunicaciones
240,PRS-241,Mecánica
241,PRS-242,Química
242,PRS-243,Telecomunicaciones
243,PRS-244,Telecomunicaciones
244,PRS-245,Mecánica
245,PRS-246,Electrónica
246,PRS-247,Telecomunicaciones
247,PRS-248,Mecánica
248,PRS-249,Telecomunicaciones
249,PRS-250,Telecomunicaciones
250,PRS-251,Informática
251,PRS-252,Aeroespacial
252,PRS-253,Electrónica
253,PRS-254,Mecánica
254,PRS-255,Informática
255,PRS-256,Mecánica
256,PRS-257,Electrónica
257,PRS-258,Mecánica
258,PRS-259,Electrónica
259,PRS-260,Telecomunicaciones
260,PRS-261,Electrónica
261,PRS-262,Informática
262,PRS-263,Telecomunicaciones
263,PRS-264,Mecánica
264,PRS-265,Telecomunicaciones
265,PRS-266,Informática
266,PRS-267,Electrónica
267,PRS-268,Informática
268,PRS-269,Informática
269,PRS-270,Aeroespacial
270,PRS-271,Aeroespacial
271,PRS-272,Química
272,PRS-273,Mecánica
273,PRS-274,Química
274,PRS-275,Química
275,PRS-276,Electrónica
276,PRS-277,Electrónica
277,PRS-278,Aeroespacial
278,PRS-279,Electrónica
279,PRS-280,Química
280,PRS-281,Química
281,PRS-282,Aeroespacial
282,PRS-283,Mecánica
283,PRS-284,Aeroespacial
284,PRS-285,Aeroespacial
285,PRS-286,Electrónica
286,PRS-287,Química
287,PRS-288,Química
288,PRS-289,Mecánica
289,PRS-290,Electrónica
290,PRS-291,Electrónica
291,PRS-292,Informática
292,PRS-293,Informática
293,PRS-294,Química
294,PRS-295,Telecomunicaciones
295,PRS-296,Aeroespacial
296,PRS-297,Mecánica
297,PRS-298,Aeroespacial
298,PRS-299,Química
299,PRS-300,Electrónica
300,PRS-301,Aeroespacial
301,PRS-302,Telecomunicaciones
302,PRS-303,Telecomunicaciones
303,PRS-304,Química
304,PRS-305,Telecomunicaciones
305,PRS-306,Mecánica
306,PRS-307,Electrónica
307,PRS-308,Informática
308,PRS-309,Mecánica
309,PRS-310,Electrónica
310,PRS-311,Telecomunicaciones
311,PRS-312,Aeroespacial
312,PRS-313,Química
313,PRS-314,Electrónica
314,PRS-315,Mecánica
315,PRS-316,Aeroespacial
316,PRS-317,Electrónica
317,PRS-318,Informática
318,PRS-319,Telecomunicaciones
319,PRS-320,Telecomunicaciones
320,PRS-321,Electrónica
321,PRS-322,Telecomunicaciones
322,PRS-323,Informática
323,PRS-324,Electrónica
324,PRS-325,Mecánica
325,PRS-326,Aeroespacial
326,PRS-327,Informática
327,PRS-328,Mecánica
328,PRS-329,Mecánica
329,PRS-330,Aeroespacial
330,PRS-331,Aeroespacial
331,PRS-332,Química
332,PRS-333,Informática
333,PRS-334,Electrónica
334,PRS-335,Aeroespacial
335,PRS-336,Telecomunicaciones
336,PRS-337,Telecomunicaciones
337,PRS-338,Electrónica
338,PRS-339,Telecomunicaciones
339,PRS-340,Mecánica
340,PRS-341,Mecánica
341,PRS-342,Telecomunicaciones
342,PRS-343,Electrónica
343,PRS-344,Mecánica
344,PRS-345,Aeroespacial
345,PRS-346,Aeroespacial
346,PRS-347,Aeroespacial
347,PRS-348,Química
348,PRS-349,Aeroespacial
349,PRS-350,Aeroespacial
350,PRS-351,Telecomunicaciones
351,PRS-352,Telecomunicaciones
352,PRS-353,Mecánica
353,PRS-354,Electrónica
354,PRS-355,Aeroespacial
355,PRS-356,Química
356,PRS-357,Telecomunicaciones
357,PRS-358,Telecomunicaciones
358,PRS-359,Informática
359,PRS-360,Electrónica
360,PRS-361,Aeroespacial
361,PRS-362,Aeroespacial
362,PRS-363,Aeroespacial
363,PRS-364,Informática
364,PRS-365,Química
365,PRS-366,Telecomunicaciones
366,PRS-367,Química
367,PRS-368,Informática
368,PRS-369,Mecánica
369,PRS-370,Electrónica
370,PRS-371,Telecomunicaciones
371,PRS-372,Química
372,PRS-373,Mecánica
373,PRS-374,Electrónica
374,PRS-375,Informática
375,PRS-376,Aeroespacial
376,PRS-377,Telecomunicaciones
377,PRS-378,Mecánica
378,PRS-379,Mecánica
379,PRS-380,Aeroespacial
380,PRS-381,Mecánica
381,PRS-382,Aeroespacial
382,PRS-383,Mecánica
383,PRS-384,Aeroespacial
384,PRS-385,Telecomunicaciones
385,PRS-386,Química
386,PRS-387,Electrónica
387,PRS-388,Electrónica
388,PRS-389,Química
389,PRS-390,Química
390,PRS-391,Informática
391,PRS-392,Mecánica
392,PRS-393,Química
393,PRS-394,Informática
394,PRS-395,Electrónica
395,PRS-396,Aeroespacial
396,PRS-397,Química
397,PRS-398,Electrónica
398,PRS-399,Química
399,PRS-400,Telecomunicaciones
400,PRS-401,Informática
401,PRS-402,Telecomunicaciones
402,PRS-403,Informática
403,PRS-404,Mecánica
404,PRS-405,Mecánica
405,PRS-406,Informática
406,PRS-407,Telecomunicaciones
407,PRS-408,Mecánica
408,PRS-409,Telecomunicaciones
409,PRS-410,Mecánica
410,PRS-411,Química
411,PRS-412,Química
412,PRS-413,Electrónica
413,PRS-414,Telecomunicaciones
414,PRS-415,Informática
415,PRS-416,Electrónica
416,PRS-417,Informática
417,PRS-418,Mecánica
418,PRS-419,Electrónica
419,PRS-420,Mecánica
420,PRS-421,Telecomunicaciones
421,PRS-422,Química
422,PRS-423,Mecánica
423,PRS-424,Mecánica
424,PRS-425,Electrónica
425,PRS-426,Mecánica
426,PRS-427,Química
427,PRS-428,Electrónica
428,PRS-429,Química
429,PRS-430,Química
430,PRS-431,Informática
431,PRS-432,Electrónica
432,PRS-433,Informática
433,PRS-434,Electrónica
434,PRS-435,Química
435,PRS-436,Telecomunicaciones
436,PRS-437,Informática
437,PRS-438,Química
438,PRS-439,Electrónica
439,PRS-440,Aeroespacial
440,PRS-441,Aeroespacial
441,PRS-442,Química
442,PRS-443,Química
443,PRS-444,Aeroespacial
444,PRS-445,Química
445,PRS-446,Aeroespacial
446,PRS-447,Informática
447,PRS-448,Informática
448,PRS-449,Química
449,PRS-450,Aeroespacial
450,PRS-451,Mecánica
451,PRS-452,Telecomunicaciones
452,PRS-453,Química
453,PRS-454,Electrónica
454,PRS-455,Aeroespacial
455,PRS-456,Química
456,PRS-457,Informática
457,PRS-458,Telecomunicaciones
458,PRS-459,Aeroespacial
459,PRS-460,Química
460,PRS-461,Mecánica
461,PRS-462,Mecánica
462,PRS-463,Electrónica
463,PRS-464,Electrónica
464,PRS-465,Aeroespacial
465,PRS-466,Química
466,PRS-467,Electrónica
467,PRS-468,Mecánica
468,PRS-469,Aeroespacial
469,PRS-470,Química
470,PRS-471,Aeroespacial
471,PRS-472,Mecánica
472,PRS-473,Telecomunicaciones
473,PRS-474,Química
474,PRS-475,Telecomunicaciones
475,PRS-476,Química
476,PRS-477,Electrónica
477,PRS-478,Aeroespacial
478,PRS-479,Informática
479,PRS-480,Electrónica
480,PRS-481,Mecánica
481,PRS-482,Química
482,PRS-483,Electrónica
483,PRS-484,Telecomunicaciones
484,PRS-485,Informática
485,PRS-486,Química
486,PRS-487,Mecánica
487,PRS-488,Aeroespacial
488,PRS-489,Telecomunicaciones
489,PRS-490,Informática
490,PRS-491,Informática
491,PRS-492,Aeroespacial
492,PRS-493,Aeroespacial
493,PRS-494,Aeroespacial
494,PRS-495,Telecomunicaciones
495,PRS-496,Mecánica
496,PRS-497,Mecánica
497,PRS-498,Aeroespacial
498,PRS-499,Aeroespacial
499,PRS-500,Mecánica
500,PRS-501,Telecomunicaciones
501,PRS-502,Química
502,PRS-503,Electrónica
503,PRS-504,Electrónica
504,PRS-505,Informática
505,PRS-506,Informática
506,PRS-507,Electrónica
507,PRS-508,Telecomunicaciones
508,PRS-509,Aeroespacial
509,PRS-510,Química
510,PRS-511,Química
511,PRS-512,Informática
512,PRS-513,Química
513,PRS-514,Química
514,PRS-515,Informática
515,PRS-516,Aeroespacial
516,PRS-517,Mecánica
517,PRS-518,Telecomunicaciones
518,PRS-519,Telecomunicaciones
519,PRS-520,Aeroespacial
520,PRS-521,Electrónica
521,PRS-522,Química
522,PRS-523,Telecomunicaciones
523,PRS-524,Electrónica
524,PRS-525,Química
525,PRS-526,Química
526,PRS-527,Telecomunicaciones
527,PRS-528,Química
528,PRS-529,Informática
529,PRS-530,Informática
530,PRS-531,Telecomunicaciones
531,PRS-532,Electrónica
532,PRS-533,Química
533,PRS-534,Aeroespacial
534,PRS-535,Telecomunicaciones
535,PRS-536,Telecomunicaciones
536,PRS-537,Informática
537,PRS-538,Química
538,PRS-539,Química
539,PRS-540,Electrónica
540,PRS-541,Mecánica
541,PRS-542,Electrónica
542,PRS-543,Electrónica
543,PRS-544,Química
544,PRS-545,Telecomunicaciones
545,PRS-546,Informática
546,PRS-547,Química
547,PRS-548,Telecomunicaciones
548,PRS-549,Química
549,PRS-550,Telecomunicaciones
550,PRS-551,Mecánica
551,PRS-552,Química
552,PRS-553,Informática
553,PRS-554,Informática
554,PRS-555,Aeroespacial
555,PRS-556,Aeroespacial
556,PRS-557,Telecomunicaciones
557,PRS-558,Mecánica
558,PRS-559,Mecánica
559,PRS-560,Química
560,PRS-561,Informática
561,PRS-562,Química
562,PRS-563,Aeroespacial
563,PRS-564,Telecomunicaciones
564,PRS-565,Telecomunicaciones
565,PRS-566,Química
566,PRS-567,Aeroespacial
567,PRS-568,Electrónica
568,PRS-569,Mecánica
569,PRS-570,Mecánica
570,PRS-571,Informática
571,PRS-572,Informática
572,PRS-573,Electrónica
573,PRS-574,Química
574,PRS-575,Mecánica
575,PRS-576,Química
576,PRS-577,Informática
577,PRS-578,Mecánica
578,PRS-579,Química
579,PRS-580,Telecomunicaciones
580,PRS-581,Aeroespacial
581,PRS-582,Telecomunicaciones
582,PRS-583,Telecomunicaciones
583,PRS-584,Aeroespacial
584,PRS-585,Mecánica
585,PRS-586,Aeroespacial
586,PRS-587,Química
587,PRS-588,Química
588,PRS-589,Electrónica
589,PRS-590,Aeroespacial
590,PRS-591,Química
591,PRS-592,Electrónica
592,PRS-593,Informática
593,PRS-594,Mecánica
594,PRS-595,Telecomunicaciones
595,PRS-596,Telecomunicaciones
596,PRS-597,Aeroespacial
597,PRS-598,Informática
598,PRS-599,Electrónica
599,PRS-600,Mecánica
600,PRS-601,Telecomunicaciones
601,PRS-602,Química
602,PRS-603,Telecomunicaciones
603,PRS-604,Aeroespacial
604,PRS-605,Mecánica
605,PRS-606,Electrónica
606,PRS-607,Informática
607,PRS-608,Mecánica
608,PRS-609,Mecánica
609,PRS-610,Electrónica
610,PRS-611,Electrónica
611,PRS-612,Mecánica
612,PRS-613,Telecomunicaciones
613,PRS-614,Química
614,PRS-615,Aeroespacial
615,PRS-616,Telecomunicaciones
616,PRS-617,Aeroespacial
617,PRS-618,Mecánica
618,PRS-619,Química
619,PRS-620,Electrónica
620,PRS-621,Telecomunicaciones
621,PRS-622,Informática
622,PRS-623,Telecomunicaciones
623,PRS-624,Química
624,PRS-625,Aeroespacial
625,PRS-626,Aeroespacial
626,PRS-627,Mecánica
627,PRS-628,Telecomunicaciones
628,PRS-629,Informática
629,PRS-630,Telecomunicaciones
630,PRS-631,Mecánica
631,PRS-632,Química
632,PRS-633,Mecánica
633,PRS-634,Telecomunicaciones
634,PRS-635,Química
635,PRS-636,Aeroespacial
636,PRS-637,Telecomunicaciones
637,PRS-638,Electrónica
638,PRS-639,Aeroespacial
639,PRS-640,Electrónica
640,PRS-641,Aeroespacial
641,PRS-642,Electrónica
642,PRS-643,Electrónica
643,PRS-644,Electrónica
644,PRS-645,Mecánica
645,PRS-646,Telecomunicaciones
646,PRS-647,Electrónica
647,PRS-648,Informática
648,PRS-649,Electrónica
649,PRS-650,Informática
650,PRS-651,Telecomunicaciones
651,PRS-652,Mecánica
652,PRS-653,Química
653,PRS-654,Telecomunicaciones
654,PRS-655,Informática
655,PRS-656,Electrónica
656,PRS-657,Telecomunicaciones
657,PRS-658,Aeroespacial
658,PRS-659,Mecánica
659,PRS-660,Química
660,PRS-661,Aeroespacial
661,PRS-662,Informática
662,PRS-663,Mecánica
663,PRS-664,Mecánica
664,PRS-665,Aeroespacial
665,PRS-666,Informática
666,PRS-667,Aeroespacial
667,PRS-668,Aeroespacial
668,PRS-669,Electrónica
669,PRS-670,Química
670,PRS-671,Informática
671,PRS-672,Aeroespacial
672,PRS-673,Electrónica
673,PRS-674,Electrónica
674,PRS-675,Aeroespacial
675,PRS-676,Electrónica
676,PRS-677,Mecánica
677,PRS-678,Informática
678,PRS-679,Telecomunicaciones
679,PRS-680,Química
680,PRS-681,Aeroespacial
681,PRS-682,Telecomunicaciones
682,PRS-683,Electrónica
683,PRS-684,Electrónica
684,PRS-685,Informática
685,PRS-686,Mecánica
686,PRS-687,Informática
687,PRS-688,Telecomunicaciones
688,PRS-689,Aeroespacial
689,PRS-690,Mecánica
690,PRS-691,Aeroespacial
691,PRS-692,Telecomunicaciones
692,PRS-693,Mecánica
693,PRS-694,Aeroespacial
694,PRS-695,Química
695,PRS-696,Mecánica
696,PRS-697,Aeroespacial
697,PRS-698,Electrónica
698,PRS-699,Telecomunicaciones
699,PRS-700,Electrónica
700,PRS-701,Mecánica
701,PRS-702,Informática
702,PRS-703,Informática
703,PRS-704,Química
704,PRS-705,Aeroespacial
705,PRS-706,Telecomunicaciones
706,PRS-707,Mecánica
707,PRS-708,Informática
708,PRS-709,Informática
709,PRS-710,Electrónica
710,PRS-711,Mecánica
711,PRS-712,Informática
712,PRS-713,Química
713,PRS-714,Mecánica
714,PRS-715,Química
715,PRS-716,Electrónica
716,PRS-717,Química
717,PRS-718,Electrónica
718,PRS-719,Electrónica
719,PRS-720,Informática
720,PRS-721,Informática
721,PRS-722,Química
722,PRS-723,Mecánica
723,PRS-724,Informática
724,PRS-725,Mecánica
725,PRS-726,Mecánica
726,PRS-727,Informática
727,PRS-728,Informática
728,PRS-729,Electrónica
729,PRS-730,Aeroespacial
730,PRS-731,Informática
731,PRS-732,Aeroespacial
732,PRS-733,Aeroespacial
733,PRS-734,Mecánica
734,PRS-735,Informática
735,PRS-736,Química
736,PRS-737,Química
737,PRS-738,Electrónica
738,PRS-739,Electrónica
739,PRS-740,Electrónica
740,PRS-741,Mecánica
741,PRS-742,Telecomunicaciones
742,PRS-743,Electrónica
743,PRS-744,Mecánica
744,PRS-745,Aeroespacial
745,PRS-746,Electrónica
746,PRS-747,Química
747,PRS-748,Telecomunicaciones
748,PRS-749,Química
749,PRS-750,Informática
750,PRS-751,Telecomunicaciones
751,PRS-752,Telecomunicaciones
752,PRS-753,Electrónica
753,PRS-754,Química
754,PRS-755,Química
755,PRS-756,Informática
756,PRS-757,Aeroespacial
757,PRS-758,Aeroespacial
758,PRS-759,Electrónica
759,PRS-760,Química
760,PRS-761,Electrónica
761,PRS-762,Química
762,PRS-763,Mecánica
763,PRS-764,Aeroespacial
764,PRS-765,Química
765,PRS-766,Aeroespacial
766,PRS-767,Informática
767,PRS-768,Telecomunicaciones
768,PRS-769,Electrónica
769,PRS-770,Telecomunicaciones
770,PRS-771,Telecomunicaciones
771,PRS-772,Aeroespacial
772,PRS-773,Química
773,PRS-774,Informática
774,PRS-775,Electrónica
775,PRS-776,Telecomunicaciones
776,PRS-777,Química
777,PRS-778,Telecomunicaciones
778,PRS-779,Química
779,PRS-780,Electrónica
780,PRS-781,Química
781,PRS-782,Química
782,PRS-783,Aeroespacial
783,PRS-784,Telecomunicaciones
784,PRS-785,Química
785,PRS-786,Aeroespacial
786,PRS-787,Electrónica
787,PRS-788,Informática
788,PRS-789,Electrónica
789,PRS-790,Mecánica
790,PRS-791,Telecomunicaciones
791,PRS-792,Química
792,PRS-793,Electrónica
793,PRS-794,Química
794,PRS-795,Electrónica
795,PRS-796,Química
796,PRS-797,Mecánica
797,PRS-798,Electrónica
798,PRS-799,Aeroespacial
799,PRS-800,Aeroespacial
800,PRS-801,Telecomunicaciones
801,PRS-802,Electrónica
802,PRS-803,Electrónica
803,PRS-804,Informática
804,PRS-805,Electrónica
805,PRS-806,Aeroespacial
806,PRS-807,Telecomunicaciones
807,PRS-808,Electrónica
808,PRS-809,Química
809,PRS-810,Electrónica
810,PRS-811,Mecánica
811,PRS-812,Electrónica
812,PRS-813,Electrónica
813,PRS-814,Informática
814,PRS-815,Aeroespacial
815,PRS-816,Aeroespacial
816,PRS-817,Química
817,PRS-818,Mecánica
818,PRS-819,Aeroespacial
819,PRS-820,Informática
820,PRS-821,Informática
821,PRS-822,Telecomunicaciones
822,PRS-823,Electrónica
823,PRS-824,Química
824,PRS-825,Informática
825,PRS-826,Telecomunicaciones
826,PRS-827,Aeroespacial
827,PRS-828,Telecomunicaciones
828,PRS-829,Electrónica
829,PRS-830,Mecánica
830,PRS-831,Química
831,PRS-832,Aeroespacial
832,PRS-833,Química
833,PRS-834,Telecomunicaciones
834,PRS-835,Química
835,PRS-836,Mecánica
836,PRS-837,Aeroespacial
837,PRS-838,Aeroespacial
838,PRS-839,Química
839,PRS-840,Informática
840,PRS-841,Telecomunicaciones
841,PRS-842,Electrónica
842,PRS-843,Aeroespacial
843,PRS-844,Química
844,PRS-845,Telecomunicaciones
845,PRS-846,Aeroespacial
846,PRS-847,Mecánica
847,PRS-848,Química
848,PRS-849,Electrónica
849,PRS-850,Electrónica
850,PRS-851,Informática
851,PRS-852,Mecánica
852,PRS-853,Informática
853,PRS-854,Electrónica
854,PRS-855,Informática
855,PRS-856,Telecomunicaciones
856,PRS-857,Informática
857,PRS-858,Aeroespacial
858,PRS-859,Informática
859,PRS-860,Aeroespacial
860,PRS-861,Informática
861,PRS-862,Electrónica
862,PRS-863,Electrónica
863,PRS-864,Aeroespacial
864,PRS-865,Telecomunicaciones
865,PRS-866,Informática
866,PRS-867,Telecomunicaciones
867,PRS-868,Mecánica
868,PRS-869,Química
869,PRS-870,Electrónica
870,PRS-871,Mecánica
871,PRS-872,Informática
872,PRS-873,Electrónica
873,PRS-874,Aeroespacial
874,PRS-875,Aeroespacial
875,PRS-876,Informática
876,PRS-877,Telecomunicaciones
877,PRS-878,Telecomunicaciones
878,PRS-879,Telecomunicaciones
879,PRS-880,Química
880,PRS-881,Mecánica
881,PRS-882,Química
882,PRS-883,Química
883,PRS-884,Aeroespacial
884,PRS-885,Electrónica
885,PRS-886,Electrónica
886,PRS-887,Aeroespacial
887,PRS-888,Mecánica
888,PRS-889,Aeroespacial
889,PRS-890,Telecomunicaciones
890,PRS-891,Aeroespacial
891,PRS-892,Telecomunicaciones
892,PRS-893,Informática
893,PRS-894,Informática
894,PRS-895,Química
895,PRS-896,Telecomunicaciones
896,PRS-897,Telecomunicaciones
897,PRS-898,Aeroespacial
898,PRS-899,Aeroespacial
899,PRS-900,Informática
900,PRS-901,Química
901,PRS-902,Telecomunicaciones
902,PRS-903,Aeroespacial
903,PRS-904,Aeroespacial
904,PRS-905,Mecánica
905,PRS-906,Química
906,PRS-907,Electrónica
907,PRS-908,Electrónica
908,PRS-909,Aeroespacial
909,PRS-910,Mecánica
910,PRS-911,Química
911,PRS-912,Informática
912,PRS-913,Electrónica
913,PRS-914,Telecomunicaciones
914,PRS-915,Informática
915,PRS-916,Aeroespacial
916,PRS-917,Telecomunicaciones
917,PRS-918,Electrónica
918,PRS-919,Química
919,PRS-920,Química
920,PRS-921,Química
921,PRS-922,Telecomunicaciones
922,PRS-923,Telecomunicaciones
923,PRS-924,Aeroespacial
924,PRS-925,Mecánica
925,PRS-926,Química
926,PRS-927,Mecánica
927,PRS-928,Aeroespacial
928,PRS-929,Aeroespacial
929,PRS-930,Electrónica
930,PRS-931,Informática
931,PRS-932,Aeroespacial
932,PRS-933,Mecánica
933,PRS-934,Electrónica
934,PRS-935,Telecomunicaciones
935,PRS-936,Química
936,PRS-937,Informática
937,PRS-938,Química
938,PRS-939,Telecomunicaciones
939,PRS-940,Química
940,PRS-941,Electrónica
941,PRS-942,Telecomunicaciones
942,PRS-943,Electrónica
943,PRS-944,Informática
944,PRS-945,Informática
945,PRS-946,Informática
946,PRS-947,Telecomunicaciones
947,PRS-948,Química
948,PRS-949,Informática
949,PRS-950,Electrónica
950,PRS-951,Informática
951,PRS-952,Electrónica
952,PRS-953,Química
953,PRS-954,Informática
954,PRS-955,Electrónica
955,PRS-956,Aeroespacial
956,PRS-957,Informática
957,PRS-958,Informática
958,PRS-959,Química
959,PRS-960,Telecomunicaciones
960,PRS-961,Química
961,PRS-962,Aeroespacial
962,PRS-963,Telecomunicaciones
963,PRS-964,Telecomunicaciones
964,PRS-965,Mecánica
965,PRS-966,Electrónica
966,PRS-967,Informática
967,PRS-968,Electrónica
968,PRS-969,Química
969,PRS-970,Aeroespacial
970,PRS-971,Mecánica
971,PRS-972,Electrónica
972,PRS-973,Informática
973,PRS-974,Química
974,PRS-975,Mecánica
975,PRS-976,Aeroespacial
976,PRS-977,Informática
977,PRS-978,Aeroespacial
978,PRS-979,Química
979,PRS-980,Informática
980,PRS-981,Mecánica
981,PRS-982,Aeroespacial
982,PRS-983,Informática
983,PRS-984,Electrónica
984,PRS-985,Informática
985,PRS-986,Electrónica
986,PRS-987,Electrónica
987,PRS-988,Informática
988,PRS-989,Mecánica
989,PRS-990,Electrónica
990,PRS-991,Mecánica
991,PRS-992,Electrónica
992,PRS-993,Aeroespacial
993,PRS-994,Informática
994,PRS-995,Electrónica
995,PRS-996,Aeroespacial
996,PRS-997,Electrónica
997,PRS-998,Mecánica
998,PRS-999,Electrónica
999,PRS-1000,Aeroespacial
1000,PRS-1001,Informática
1001,PRS-1002,Informática
1002,PRS-1003,Telecomunicaciones
1003,PRS-1004,Aeroespacial
1004,PRS-1005,Telecomunicaciones
1005,PRS-1006,Mecánica
1006,PRS-1007,Aeroespacial
1007,PRS-1008,Aeroespacial
1008,PRS-1009,Mecánica
1009,PRS-1010,Informática
1010,PRS-1011,Química
1011,PRS-1012,Informática
1012,PRS-1013,Informática
1013,PRS-1014,Informática
1014,PRS-1015,Mecánica
1015,PRS-1016,Química
1016,PRS-1017,Telecomunicaciones
1017,PRS-1018,Electrónica
1018,PRS-1019,Química
1019,PRS-1020,Aeroespacial
1020,PRS-1021,Informática
1021,PRS-1022,Electrónica
1022,PRS-1023,Aeroespacial
1023,PRS-1024,Telecomunicaciones
1024,PRS-1025,Aeroespacial
1025,PRS-1026,Electrónica
1026,PRS-1027,Aeroespacial
1027,PRS-1028,Aeroespacial
1028,PRS-1029,Química
1029,PRS-1030,Aeroespacial
1030,PRS-1031,Informática
1031,PRS-1032,Informática
1032,PRS-1033,Mecánica
1033,PRS-1034,Informática
1034,PRS-1035,Aeroespacial
1035,PRS-1036,Mecánica
1036,PRS-1037,Telecomunicaciones
1037,PRS-1038,Informática
1038,PRS-1039,Química
1039,PRS-1040,Química
1040,PRS-1041,Informática
1041,PRS-1042,Aeroespacial
1042,PRS-1043,Aeroespacial
1043,PRS-1044,Química
1044,PRS-1045,Telecomunicaciones
1045,PRS-1046,Mecánica
1046,PRS-1047,Aeroespacial
1047,PRS-1048,Telecomunicaciones
1048,PRS-1049,Telecomunicaciones
1049,PRS-1050,Telecomunicaciones
1050,PRS-1051,Aeroespacial
1051,PRS-1052,Informática
1052,PRS-1053,Electrónica
1053,PRS-1054,Aeroespacial
1054,PRS-1055,Informática
1055,PRS-1056,Mecánica
1056,PRS-1057,Química
1057,PRS-1058,Electrónica
1058,PRS-1059,Aeroespacial
1059,PRS-1060,Electrónica
1060,PRS-1061,Informática
1061,PRS-1062,Electrónica
1062,PRS-1063,Informática
1063,PRS-1064,Informática
1064,PRS-1065,Telecomunicaciones
1065,PRS-1066,Electrónica
1066,PRS-1067,Electrónica
1067,PRS-1068,Informática
1068,PRS-1069,Informática
1069,PRS-1070,Aeroespacial
1070,PRS-1071,Electrónica
1071,PRS-1072,Aeroespacial
1072,PRS-1073,Mecánica
1073,PRS-1074,Aeroespacial
1074,PRS-1075,Informática
1075,PRS-1076,Telecomunicaciones
1076,PRS-1077,Mecánica
1077,PRS-1078,Telecomunicaciones
1078,PRS-1079,Informática
1079,PRS-1080,Mecánica
1080,PRS-1081,Química
1081,PRS-1082,Informática
1082,PRS-1083,Electrónica
1083,PRS-1084,Electrónica
1084,PRS-1085,Telecomunicaciones
1085,PRS-1086,Telecomunicaciones
1086,PRS-1087,Electrónica
1087,PRS-1088,Informática
1088,PRS-1089,Informática
1089,PRS-1090,Química
1090,PRS-1091,Química
1091,PRS-1092,Telecomunicaciones
1092,PRS-1093,Mecánica
1093,PRS-1094,Electrónica
1094,PRS-1095,Química
1095,PRS-1096,Informática
1096,PRS-1097,Telecomunicaciones
1097,PRS-1098,Química
1098,PRS-1099,Mecánica
1099,PRS-1100,Química
1100,PRS-1101,Aeroespacial
1101,PRS-1102,Electrónica
1102,PRS-1103,Telecomunicaciones
1103,PRS-1104,Aeroespacial
1104,PRS-1105,Electrónica
1105,PRS-1106,Aeroespacial
1106,PRS-1107,Electrónica
1107,PRS-1108,Electrónica
1108,PRS-1109,Electrónica
1109,PRS-1110,Mecánica
1110,PRS-1111,Mecánica
1111,PRS-1112,Aeroespacial
1112,PRS-1113,Informática
1113,PRS-1114,Informática
1114,PRS-1115,Informática
1115,PRS-1116,Aeroespacial
1116,PRS-1117,Aeroespacial
1117,PRS-1118,Informática
1118,PRS-1119,Telecomunicaciones
1119,PRS-1120,Informática
1120,PRS-1121,Aeroespacial
1121,PRS-1122,Mecánica
1122,PRS-1123,Aeroespacial
1123,PRS-1124,Informática
1124,PRS-1125,Informática
1125,PRS-1126,Telecomunicaciones
1126,PRS-1127,Telecomunicaciones
1127,PRS-1128,Química
1128,PRS-1129,Electrónica
1129,PRS-1130,Informática
1130,PRS-1131,Electrónica
1131,PRS-1132,Electrónica
1132,PRS-1133,Química
1133,PRS-1134,Informática
1134,PRS-1135,Electrónica
1135,PRS-1136,Electrónica
1136,PRS-1137,Telecomunicaciones
1137,PRS-1138,Química
1138,PRS-1139,Aeroespacial
1139,PRS-1140,Electrónica
1140,PRS-1141,Telecomunicaciones
1141,PRS-1142,Informática
1142,PRS-1143,Electrónica
1143,PRS-1144,Electrónica
1144,PRS-1145,Aeroespacial
1145,PRS-1146,Electrónica
1146,PRS-1147,Aeroespacial
1147,PRS-1148,Mecánica
1148,PRS-1149,Química
1149,PRS-1150,Aeroespacial
1150,PRS-1151,Informática
1151,PRS-1152,Informática
1152,PRS-1153,Aeroespacial
1153,PRS-1154,Mecánica
1154,PRS-1155,Telecomunicaciones
1155,PRS-1156,Electrónica
1156,PRS-1157,Mecánica
1157,PRS-1158,Telecomunicaciones
1158,PRS-1159,Mecánica
1159,PRS-1160,Mecánica
1160,PRS-1161,Telecomunicaciones
1161,PRS-1162,Electrónica
1162,PRS-1163,Aeroespacial
1163,PRS-1164,Electrónica
1164,PRS-1165,Aeroespacial
1165,PRS-1166,Electrónica
1166,PRS-1167,Aeroespacial
1167,PRS-1168,Química
1168,PRS-1169,Telecomunicaciones
1169,PRS-1170,Mecánica
1170,PRS-1171,Química
1171,PRS-1172,Química
1172,PRS-1173,Química
1173,PRS-1174,Informática
1174,PRS-1175,Mecánica
1175,PRS-1176,Informática
1176,PRS-1177,Electrónica
1177,PRS-1178,Mecánica
1178,PRS-1179,Aeroespacial
1179,PRS-1180,Telecomunicaciones
1180,PRS-1181,Mecánica
1181,PRS-1182,Aeroespacial
1182,PRS-1183,Mecánica
1183,PRS-1184,Aeroespacial
1184,PRS-1185,Informática
1185,PRS-1186,Electrónica
1186,PRS-1187,Electrónica
1187,PRS-1188,Telecomunicaciones
1188,PRS-1189,Aeroespacial
1189,PRS-1190,Química
1190,PRS-1191,Aeroespacial
1191,PRS-1192,Electrónica
1192,PRS-1193,Aeroespacial
1193,PRS-1194,Química
1194,PRS-1195,Aeroespacial
1195,PRS-1196,Electrónica
1196,PRS-1197,Mecánica
1197,PRS-1198,Informática
1198,PRS-1199,Informática
1199,PRS-1200,Aeroespacial
1200,PRS-1201,Química
1201,PRS-1202,Mecánica
1202,PRS-1203,Electrónica
1203,PRS-1204,Química
1204,PRS-1205,Mecánica
1205,PRS-1206,Electrónica
1206,PRS-1207,Telecomunicaciones
1207,PRS-1208,Química
1208,PRS-1209,Aeroespacial
1209,PRS-1210,Aeroespacial
1210,PRS-1211,Informática
1211,PRS-1212,Electrónica
1212,PRS-1213,Química
1213,PRS-1214,Mecánica
1214,PRS-1215,Informática
1215,PRS-1216,Informática
1216,PRS-1217,Mecánica
1217,PRS-1218,Informática
1218,PRS-1219,Telecomunicaciones
1219,PRS-1220,Telecomunicaciones
1220,PRS-1221,Telecomunicaciones
1221,PRS-1222,Química
1222,PRS-1223,Aeroespacial
1223,PRS-1224,Aeroespacial
1224,PRS-1225,Mecánica
1225,PRS-1226,Química
1226,PRS-1227,Telecomunicaciones
1227,PRS-1228,Mecánica
1228,PRS-1229,Telecomunicaciones
1229,PRS-1230,Mecánica
1230,PRS-1231,Telecomunicaciones
1231,PRS-1232,Mecánica
1232,PRS-1233,Informática
1233,PRS-1234,Aeroespacial
1234,PRS-1235,Informática
1235,PRS-1236,Informática
1236,PRS-1237,Mecánica
1237,PRS-1238,Química
1238,PRS-1239,Informática
1239,PRS-1240,Mecánica
1240,PRS-1241,Informática
1241,PRS-1242,Aeroespacial
1242,PRS-1243,Mecánica
1243,PRS-1244,Mecánica
1244,PRS-1245,Química
1245,PRS-1246,Electrónica
1246,PRS-1247,Telecomunicaciones
1247,PRS-1248,Electrónica
1248,PRS-1249,Química
1249,PRS-1250,Electrónica
1250,PRS-1251,Informática
1251,PRS-1252,Mecánica
1252,PRS-1253,Química
1253,PRS-1254,Química
1254,PRS-1255,Aeroespacial
1255,PRS-1256,Electrónica
1256,PRS-1257,Mecánica
1257,PRS-1258,Informática
1258,PRS-1259,Telecomunicaciones
1259,PRS-1260,Electrónica
1260,PRS-1261,Electrónica
1261,PRS-1262,Telecomunicaciones
1262,PRS-1263,Mecánica
1263,PRS-1264,Química
1264,PRS-1265,Telecomunicaciones
1265,PRS-1266,Química
1266,PRS-1267,Química
1267,PRS-1268,Química
1268,PRS-1269,Telecomunicaciones
1269,PRS-1270,Telecomunicaciones
1270,PRS-1271,Electrónica
1271,PRS-1272,Informática
1272,PRS-1273,Informática
1273,PRS-1274,Informática
1274,PRS-1275,Aeroespacial
1275,PRS-1276,Química
1276,PRS-1277,Informática
1277,PRS-1278,Informática
1278,PRS-1279,Química
1279,PRS-1280,Química
1280,PRS-1281,Informática
1281,PRS-1282,Mecánica
1282,PRS-1283,Telecomunicaciones
1283,PRS-1284,Mecánica
1284,PRS-1285,Química
1285,PRS-1286,Aeroespacial
1286,PRS-1287,Informática
1287,PRS-1288,Telecomunicaciones
1288,PRS-1289,Informática
1289,PRS-1290,Telecomunicaciones
1290,PRS-1291,Informática
1291,PRS-1292,Telecomunicaciones
1292,PRS-1293,Informática
1293,PRS-1294,Aeroespacial
1294,PRS-1295,Aeroespacial
1295,PRS-1296,Mecánica
1296,PRS-1297,Mecánica
1297,PRS-1298,Química
1298,PRS-1299,Aeroespacial
1299,PRS-1300,Química
1300,PRS-1301,Informática
1301,PRS-1302,Informática
1302,PRS-1303,Mecánica
1303,PRS-1304,Química
1304,PRS-1305,Mecánica
1305,PRS-1306,Telecomunicaciones
1306,PRS-1307,Aeroespacial
1307,PRS-1308,Aeroespacial
1308,PRS-1309,Química
1309,PRS-1310,Aeroespacial
1310,PRS-1311,Química
1311,PRS-1312,Mecánica
1312,PRS-1313,Química
1313,PRS-1314,Mecánica
1314,PRS-1315,Aeroespacial
1315,PRS-1316,Mecánica
1316,PRS-1317,Telecomunicaciones
1317,PRS-1318,Informática
1318,PRS-1319,Química
1319,PRS-1320,Informática
1320,PRS-1321,Telecomunicaciones
1321,PRS-1322,Informática
1322,PRS-1323,Electrónica
1323,PRS-1324,Química
1324,PRS-1325,Electrónica
1325,PRS-1326,Telecomunicaciones
1326,PRS-1327,Aeroespacial
1327,PRS-1328,Aeroespacial
1328,PRS-1329,Electrónica
1329,PRS-1330,Telecomunicaciones
1330,PRS-1331,Química
1331,PRS-1332,Telecomunicaciones
1332,PRS-1333,Telecomunicaciones
1333,PRS-1334,Informática
1334,PRS-1335,Electrónica
1335,PRS-1336,Aeroespacial
1336,PRS-1337,Aeroespacial
1337,PRS-1338,Electrónica
1338,PRS-1339,Mecánica
1339,PRS-1340,Química
1340,PRS-1341,Electrónica
1341,PRS-1342,Aeroespacial
1342,PRS-1343,Mecánica
1343,PRS-1344,Aeroespacial
1344,PRS-1345,Informática
1345,PRS-1346,Mecánica
1346,PRS-1347,Electrónica
1347,PRS-1348,Aeroespacial
1348,PRS-1349,Electrónica
1349,PRS-1350,Química
1350,PRS-1351,Química
1351,PRS-1352,Aeroespacial
1352,PRS-1353,Química
1353,PRS-1354,Telecomunicaciones
1354,PRS-1355,Mecánica
1355,PRS-1356,Informática
1356,PRS-1357,Química
1357,PRS-1358,Química
1358,PRS-1359,Telecomunicaciones
1359,PRS-1360,Aeroespacial
1360,PRS-1361,Química
1361,PRS-1362,Mecánica
1362,PRS-1363,Informática
1363,PRS-1364,Informática
1364,PRS-1365,Aeroespacial
1365,PRS-1366,Aeroespacial
1366,PRS-1367,Mecánica
1367,PRS-1368,Informática
1368,PRS-1369,Aeroespacial
1369,PRS-1370,Mecánica
1370,PRS-1371,Mecánica
1371,PRS-1372,Informática
1372,PRS-1373,Química
1373,PRS-1374,Química
1374,PRS-1375,Aeroespacial
1375,PRS-1376,Informática
1376,PRS-1377,Mecánica
1377,PRS-1378,Mecánica
1378,PRS-1379,Informática
1379,PRS-1380,Telecomunicaciones
1380,PRS-1381,Electrónica
1381,PRS-1382,Mecánica
1382,PRS-1383,Mecánica
1383,PRS-1384,Mecánica
1384,PRS-1385,Aeroespacial
1385,PRS-1386,Aeroespacial
1386,PRS-1387,Electrónica
1387,PRS-1388,Informática
1388,PRS-1389,Química
1389,PRS-1390,Electrónica
1390,PRS-1391,Mecánica
1391,PRS-1392,Mecánica
1392,PRS-1393,Informática
1393,PRS-1394,Aeroespacial
1394,PRS-1395,Informática
1395,PRS-1396,Mecánica
1396,PRS-1397,Telecomunicaciones
1397,PRS-1398,Electrónica
1398,PRS-1399,Aeroespacial
1399,PRS-1400,Informática
1400,PRS-1401,Electrónica
1401,PRS-1402,Telecomunicaciones
1402,PRS-1403,Mecánica
1403,PRS-1404,Mecánica
1404,PRS-1405,Química
1405,PRS-1406,Informática
1406,PRS-1407,Electrónica
1407,PRS-1408,Informática
1408,PRS-1409,Electrónica
1409,PRS-1410,Química
1410,PRS-1411,Aeroespacial
1411,PRS-1412,Electrónica
1412,PRS-1413,Mecánica
1413,PRS-1414,Informática
1414,PRS-1415,Química
1415,PRS-1416,Informática
1416,PRS-1417,Aeroespacial
1417,PRS-1418,Electrónica
1418,PRS-1419,Mecánica
1419,PRS-1420,Mecánica
1420,PRS-1421,Telecomunicaciones
1421,PRS-1422,Informática
1422,PRS-1423,Química
1423,PRS-1424,Mecánica
1424,PRS-1425,Electrónica
1425,PRS-1426,Informática
1426,PRS-1427,Mecánica
1427,PRS-1428,Informática
1428,PRS-1429,Química
1429,PRS-1430,Mecánica
1430,PRS-1431,Informática
1431,PRS-1432,Química
1432,PRS-1433,Aeroespacial
1433,PRS-1434,Aeroespacial
1434,PRS-1435,Química
1435,PRS-1436,Electrónica
1436,PRS-1437,Telecomunicaciones
1437,PRS-1438,Química
1438,PRS-1439,Mecánica
1439,PRS-1440,Electrónica
1440,PRS-1441,Telecomunicaciones
1441,PRS-1442,Electrónica
1442,PRS-1443,Mecánica
1443,PRS-1444,Informática
1444,PRS-1445,Telecomunicaciones
1445,PRS-1446,Electrónica
1446,PRS-1447,Electrónica
1447,PRS-1448,Electrónica
1448,PRS-1449,Mecánica
1449,PRS-1450,Mecánica
1450,PRS-1451,Informática
1451,PRS-1452,Aeroespacial
1452,PRS-1453,Telecomunicaciones
1453,PRS-1454,Aeroespacial
1454,PRS-1455,Mecánica
1455,PRS-1456,Telecomunicaciones
1456,PRS-1457,Mecánica
1457,PRS-1458,Aeroespacial
1458,PRS-1459,Química
1459,PRS-1460,Telecomunicaciones
1460,PRS-1461,Telecomunicaciones
1461,PRS-1462,Telecomunicaciones
1462,PRS-1463,Telecomunicaciones
1463,PRS-1464,Informática
1464,PRS-1465,Telecomunicaciones
1465,PRS-1466,Mecánica
1466,PRS-1467,Aeroespacial
1467,PRS-1468,Química
1468,PRS-1469,Informática
1469,PRS-1470,Electrónica
1470,PRS-1471,Aeroespacial
1471,PRS-1472,Aeroespacial
1472,PRS-1473,Telecomunicaciones
1473,PRS-1474,Química
1474,PRS-1475,Telecomunicaciones
1475,PRS-1476,Mecánica
1476,PRS-1477,Aeroespacial
1477,PRS-1478,Aeroespacial
1478,PRS-1479,Mecánica
1479,PRS-1480,Química
1480,PRS-1481,Aeroespacial
1481,PRS-1482,Mecánica
1482,PRS-1483,Química
1483,PRS-1484,Informática
1484,PRS-1485,Aeroespacial
1485,PRS-1486,Aeroespacial
1486,PRS-1487,Electrónica
1487,PRS-1488,Informática
1488,PRS-1489,Mecánica
1489,PRS-1490,Aeroespacial
1490,PRS-1491,Aeroespacial
1491,PRS-1492,Mecánica
1492,PRS-1493,Química
1493,PRS-1494,Aeroespacial
1494,PRS-1495,Mecánica
1495,PRS-1496,Mecánica
1496,PRS-1497,Química
1497,PRS-1498,Química
1498,PRS-1499,Química
1499,PRS-1500,Mecánica
1500,PRS-1501,Electrónica
1501,PRS-1502,Electrónica
1502,PRS-1503,Química
1503,PRS-1504,Telecomunicaciones
1504,PRS-1505,Química
1505,PRS-1506,Mecánica
1506,PRS-1507,Electrónica
1507,PRS-1508,Química
1508,PRS-1509,Electrónica
1509,PRS-1510,Química
1510,PRS-1511,Mecánica
1511,PRS-1512,Informática
1512,PRS-1513,Electrónica
1513,PRS-1514,Química
1514,PRS-1515,Química
1515,PRS-1516,Telecomunicaciones
1516,PRS-1517,Química
1517,PRS-1518,Aeroespacial
1518,PRS-1519,Telecomunicaciones
1519,PRS-1520,Mecánica
1520,PRS-1521,Aeroespacial
1521,PRS-1522,Electrónica
1522,PRS-1523,Mecánica
1523,PRS-1524,Mecánica
1524,PRS-1525,Aeroespacial
1525,PRS-1526,Electrónica
1526,PRS-1527,Electrónica
1527,PRS-1528,Electrónica
1528,PRS-1529,Química
1529,PRS-1530,Telecomunicaciones
1530,PRS-1531,Informática
1531,PRS-1532,Informática
1532,PRS-1533,Química
1533,PRS-1534,Telecomunicaciones
1534,PRS-1535,Química
1535,PRS-1536,Telecomunicaciones
1536,PRS-1537,Informática
1537,PRS-1538,Electrónica
1538,PRS-1539,Química
1539,PRS-1540,Electrónica
1540,PRS-1541,Informática
1541,PRS-1542,Mecánica
1542,PRS-1543,Electrónica
1543,PRS-1544,Telecomunicaciones
1544,PRS-1545,Mecánica
1545,PRS-1546,Telecomunicaciones
1546,PRS-1547,Aeroespacial
1547,PRS-1548,Aeroespacial
1548,PRS-1549,Informática
1549,PRS-1550,Mecánica
1550,PRS-1551,Informática
1551,PRS-1552,Aeroespacial
1552,PRS-1553,Química
1553,PRS-1554,Telecomunicaciones
1554,PRS-1555,Telecomunicaciones
1555,PRS-1556,Química
1556,PRS-1557,Telecomunicaciones
1557,PRS-1558,Telecomunicaciones
1558,PRS-1559,Mecánica
1559,PRS-1560,Química
1560,PRS-1561,Mecánica
1561,PRS-1562,Química
1562,PRS-1563,Informática
1563,PRS-1564,Telecomunicaciones
1564,PRS-1565,Informática
1565,PRS-1566,Aeroespacial
1566,PRS-1567,Química
1567,PRS-1568,Aeroespacial
1568,PRS-1569,Electrónica
1569,PRS-1570,Electrónica
1570,PRS-1571,Química
1571,PRS-1572,Química
1572,PRS-1573,Mecánica
1573,PRS-1574,Mecánica
1574,PRS-1575,Electrónica
1575,PRS-1576,Mecánica
1576,PRS-1577,Electrónica
1577,PRS-1578,Mecánica
1578,PRS-1579,Aeroespacial
1579,PRS-1580,Electrónica
1580,PRS-1581,Informática
1581,PRS-1582,Telecomunicaciones
1582,PRS-1583,Telecomunicaciones
1583,PRS-1584,Electrónica
1584,PRS-1585,Electrónica
1585,PRS-1586,Química
1586,PRS-1587,Química
1587,PRS-1588,Telecomunicaciones
1588,PRS-1589,Telecomunicaciones
1589,PRS-1590,Mecánica
1590,PRS-1591,Aeroespacial
1591,PRS-1592,Electrónica
1592,PRS-1593,Mecánica
1593,PRS-1594,Química
1594,PRS-1595,Mecánica
1595,PRS-1596,Informática
1596,PRS-1597,Aeroespacial
1597,PRS-1598,Aeroespacial
1598,PRS-1599,Mecánica
1599,PRS-1600,Aeroespacial
1600,PRS-1601,Electrónica
1601,PRS-1602,Electrónica
1602,PRS-1603,Telecomunicaciones
1603,PRS-1604,Mecánica
1604,PRS-1605,Química
1605,PRS-1606,Aeroespacial
1606,PRS-1607,Aeroespacial
1607,PRS-1608,Electrónica
1608,PRS-1609,Mecánica
1609,PRS-1610,Aeroespacial
1610,PRS-1611,Química
1611,PRS-1612,Telecomunicaciones
1612,PRS-1613,Telecomunicaciones
1613,PRS-1614,Aeroespacial
1614,PRS-1615,Informática
1615,PRS-1616,Mecánica
1616,PRS-1617,Mecánica
1617,PRS-1618,Aeroespacial
1618,PRS-1619,Química
1619,PRS-1620,Química
1620,PRS-1621,Telecomunicaciones
1621,PRS-1622,Química
1622,PRS-1623,Mecánica
1623,PRS-1624,Aeroespacial
1624,PRS-1625,Mecánica
1625,PRS-1626,Química
1626,PRS-1627,Telecomunicaciones
1627,PRS-1628,Aeroespacial
1628,PRS-1629,Telecomunicaciones
1629,PRS-1630,Telecomunicaciones
1630,PRS-1631,Informática
1631,PRS-1632,Aeroespacial
1632,PRS-1633,Química
1633,PRS-1634,Química
1634,PRS-1635,Mecánica
1635,PRS-1636,Mecánica
1636,PRS-1637,Química
1637,PRS-1638,Electrónica
1638,PRS-1639,Telecomunicaciones
1639,PRS-1640,Química
1640,PRS-1641,Aeroespacial
1641,PRS-1642,Informática
1642,PRS-1643,Mecánica
1643,PRS-1644,Aeroespacial
1644,PRS-1645,Química
1645,PRS-1646,Química
1646,PRS-1647,Telecomunicaciones
1647,PRS-1648,Informática
1648,PRS-1649,Mecánica
1649,PRS-1650,Telecomunicaciones
1650,PRS-1651,Química
1651,PRS-1652,Aeroespacial
1652,PRS-1653,Química
1653,PRS-1654,Informática
1654,PRS-1655,Química
1655,PRS-1656,Química
1656,PRS-1657,Electrónica
1657,PRS-1658,Química
1658,PRS-1659,Informática
1659,PRS-1660,Aeroespacial
1660,PRS-1661,Telecomunicaciones
1661,PRS-1662,Química
1662,PRS-1663,Electrónica
1663,PRS-1664,Mecánica
1664,PRS-1665,Aeroespacial
1665,PRS-1666,Mecánica
1666,PRS-1667,Mecánica
1667,PRS-1668,Electrónica
1668,PRS-1669,Electrónica
1669,PRS-1670,Informática
1670,PRS-1671,Informática
1671,PRS-1672,Química
1672,PRS-1673,Telecomunicaciones
1673,PRS-1674,Telecomunicaciones
1674,PRS-1675,Telecomunicaciones
1675,PRS-1676,Mecánica
1676,PRS-1677,Informática
1677,PRS-1678,Telecomunicaciones
1678,PRS-1679,Telecomunicaciones
1679,PRS-1680,Química
1680,PRS-1681,Aeroespacial
1681,PRS-1682,Telecomunicaciones
1682,PRS-1683,Telecomunicaciones
1683,PRS-1684,Mecánica
1684,PRS-1685,Química
1685,PRS-1686,Electrónica
1686,PRS-1687,Telecomunicaciones
1687,PRS-1688,Mecánica
1688,PRS-1689,Informática
1689,PRS-1690,Química
1690,PRS-1691,Telecomunicaciones
1691,PRS-1692,Telecomunicaciones
1692,PRS-1693,Aeroespacial
1693,PRS-1694,Informática
1694,PRS-1695,Química
1695,PRS-1696,Mecánica
1696,PRS-1697,Electrónica
1697,PRS-1698,Mecánica
1698,PRS-1699,Informática
1699,PRS-1700,Telecomunicaciones
1700,PRS-1701,Telecomunicaciones
1701,PRS-1702,Informática
1702,PRS-1703,Química
1703,PRS-1704,Informática
1704,PRS-1705,Telecomunicaciones
1705,PRS-1706,Informática
1706,PRS-1707,Mecánica
1707,PRS-1708,Aeroespacial
1708,PRS-1709,Informática
1709,PRS-1710,Informática
1710,PRS-1711,Aeroespacial
1711,PRS-1712,Química
1712,PRS-1713,Electrónica
1713,PRS-1714,Mecánica
1714,PRS-1715,Informática
1715,PRS-1716,Telecomunicaciones
1716,PRS-1717,Informática
1717,PRS-1718,Telecomunicaciones
1718,PRS-1719,Electrónica
1719,PRS-1720,Aeroespacial
1720,PRS-1721,Mecánica
1721,PRS-1722,Química
1722,PRS-1723,Electrónica
1723,PRS-1724,Mecánica
1724,PRS-1725,Mecánica
1725,PRS-1726,Química
1726,PRS-1727,Electrónica
1727,PRS-1728,Aeroespacial
1728,PRS-1729,Mecánica
1729,PRS-1730,Química
1730,PRS-1731,Aeroespacial
1731,PRS-1732,Química
1732,PRS-1733,Aeroespacial
1733,PRS-1734,Electrónica
1734,PRS-1735,Química
1735,PRS-1736,Informática
1736,PRS-1737,Electrónica
1737,PRS-1738,Informática
1738,PRS-1739,Química
1739,PRS-1740,Mecánica
1740,PRS-1741,Aeroespacial
1741,PRS-1742,Telecomunicaciones
1742,PRS-1743,Informática
1743,PRS-1744,Mecánica
1744,PRS-1745,Informática
1745,PRS-1746,Mecánica
1746,PRS-1747,Telecomunicaciones
1747,PRS-1748,Electrónica
1748,PRS-1749,Telecomunicaciones
1749,PRS-1750,Aeroespacial
1750,PRS-1751,Electrónica
1751,PRS-1752,Aeroespacial
1752,PRS-1753,Informática
1753,PRS-1754,Electrónica
1754,PRS-1755,Mecánica
1755,PRS-1756,Química
1756,PRS-1757,Aeroespacial
1757,PRS-1758,Informática
1758,PRS-1759,Informática
1759,PRS-1760,Telecomunicaciones
1760,PRS-1761,Electrónica
1761,PRS-1762,Química
1762,PRS-1763,Mecánica
1763,PRS-1764,Química
1764,PRS-1765,Aeroespacial
1765,PRS-1766,Informática
1766,PRS-1767,Electrónica
1767,PRS-1768,Mecánica
1768,PRS-1769,Informática
1769,PRS-1770,Telecomunicaciones
1770,PRS-1771,Electrónica
1771,PRS-1772,Telecomunicaciones
1772,PRS-1773,Química
1773,PRS-1774,Informática
1774,PRS-1775,Informática
1775,PRS-1776,Telecomunicaciones
1776,PRS-1777,Informática
1777,PRS-1778,Telecomunicaciones
1778,PRS-1779,Aeroespacial
1779,PRS-1780,Electrónica
1780,PRS-1781,Química
1781,PRS-1782,Telecomunicaciones
1782,PRS-1783,Mecánica
1783,PRS-1784,Informática
1784,PRS-1785,Telecomunicaciones
1785,PRS-1786,Mecánica
1786,PRS-1787,Electrónica
1787,PRS-1788,Química
1788,PRS-1789,Química
1789,PRS-1790,Química
1790,PRS-1791,Química
1791,PRS-1792,Informática
1792,PRS-1793,Electrónica
1793,PRS-1794,Mecánica
1794,PRS-1795,Informática
1795,PRS-1796,Electrónica
1796,PRS-1797,Química
1797,PRS-1798,Química
1798,PRS-1799,Electrónica
1799,PRS-1800,Aeroespacial
1800,PRS-1801,Química
1801,PRS-1802,Informática
1802,PRS-1803,Telecomunicaciones
1803,PRS-1804,Electrónica
1804,PRS-1805,Electrónica
1805,PRS-1806,Química
1806,PRS-1807,Aeroespacial
1807,PRS-1808,Telecomunicaciones
1808,PRS-1809,Química
1809,PRS-1810,Informática
1810,PRS-1811,Química
1811,PRS-1812,Mecánica
1812,PRS-1813,Telecomunicaciones
1813,PRS-1814,Informática
1814,PRS-1815,Aeroespacial
1815,PRS-1816,Telecomunicaciones
1816,PRS-1817,Telecomunicaciones
1817,PRS-1818,Informática
1818,PRS-1819,Electrónica
1819,PRS-1820,Mecánica
1820,PRS-1821,Informática
1821,PRS-1822,Mecánica
1822,PRS-1823,Informática
1823,PRS-1824,Informática
1824,PRS-1825,Mecánica
1825,PRS-1826,Electrónica
1826,PRS-1827,Telecomunicaciones
1827,PRS-1828,Mecánica
1828,PRS-1829,Química
1829,PRS-1830,Electrónica
1830,PRS-1831,Telecomunicaciones
1831,PRS-1832,Informática
1832,PRS-1833,Mecánica
1833,PRS-1834,Mecánica
1834,PRS-1835,Química
1835,PRS-1836,Mecánica
1836,PRS-1837,Química
1837,PRS-1838,Mecánica
1838,PRS-1839,Electrónica
1839,PRS-1840,Telecomunicaciones
1840,PRS-1841,Mecánica
1841,PRS-1842,Informática
1842,PRS-1843,Informática
1843,PRS-1844,Aeroespacial
1844,PRS-1845,Informática
1845,PRS-1846,Telecomunicaciones
1846,PRS-1847,Informática
1847,PRS-1848,Mecánica
1848,PRS-1849,Telecomunicaciones
1849,PRS-1850,Electrónica
1850,PRS-1851,Química
1851,PRS-1852,Telecomunicaciones
1852,PRS-1853,Aeroespacial
1853,PRS-1854,Mecánica
1854,PRS-1855,Aeroespacial
1855,PRS-1856,Telecomunicaciones
1856,PRS-1857,Electrónica
1857,PRS-1858,Informática
1858,PRS-1859,Electrónica
1859,PRS-1860,Aeroespacial
1860,PRS-1861,Informática
1861,PRS-1862,Electrónica
1862,PRS-1863,Química
1863,PRS-1864,Mecánica
1864,PRS-1865,Informática
1865,PRS-1866,Mecánica
1866,PRS-1867,Química
1867,PRS-1868,Química
1868,PRS-1869,Telecomunicaciones
1869,PRS-1870,Aeroespacial
1870,PRS-1871,Electrónica
1871,PRS-1872,Química
1872,PRS-1873,Telecomunicaciones
1873,PRS-1874,Aeroespacial
1874,PRS-1875,Telecomunicaciones
1875,PRS-1876,Mecánica
1876,PRS-1877,Química
1877,PRS-1878,Mecánica
1878,PRS-1879,Informática
1879,PRS-1880,Electrónica
1880,PRS-1881,Aeroespacial
1881,PRS-1882,Aeroespacial
1882,PRS-1883,Telecomunicaciones
1883,PRS-1884,Informática
1884,PRS-1885,Química
1885,PRS-1886,Aeroespacial
1886,PRS-1887,Aeroespacial
1887,PRS-1888,Mecánica
1888,PRS-1889,Informática
1889,PRS-1890,Química
1890,PRS-1891,Aeroespacial
1891,PRS-1892,Aeroespacial
1892,PRS-1893,Aeroespacial
1893,PRS-1894,Aeroespacial
1894,PRS-1895,Informática
1895,PRS-1896,Química
1896,PRS-1897,Química
1897,PRS-1898,Química
1898,PRS-1899,Mecánica
1899,PRS-1900,Electrónica
1900,PRS-1901,Informática
1901,PRS-1902,Electrónica
1902,PRS-1903,Electrónica
1903,PRS-1904,Química
1904,PRS-1905,Aeroespacial
1905,PRS-1906,Mecánica
1906,PRS-1907,Aeroespacial
1907,PRS-1908,Química
1908,PRS-1909,Electrónica
1909,PRS-1910,Telecomunicaciones
1910,PRS-1911,Informática
1911,PRS-1912,Química
1912,PRS-1913,Aeroespacial
1913,PRS-1914,Informática
1914,PRS-1915,Electrónica
1915,PRS-1916,Mecánica
1916,PRS-1917,Electrónica
1917,PRS-1918,Química
1918,PRS-1919,Aeroespacial
1919,PRS-1920,Telecomunicaciones
1920,PRS-1921,Informática
1921,PRS-1922,Química
1922,PRS-1923,Electrónica
1923,PRS-1924,Telecomunicaciones
1924,PRS-1925,Mecánica
1925,PRS-1926,Mecánica
1926,PRS-1927,Mecánica
1927,PRS-1928,Informática
1928,PRS-1929,Aeroespacial
1929,PRS-1930,Informática
1930,PRS-1931,Telecomunicaciones
1931,PRS-1932,Química
1932,PRS-1933,Mecánica
1933,PRS-1934,Informática
1934,PRS-1935,Aeroespacial
1935,PRS-1936,Mecánica
1936,PRS-1937,Mecánica
1937,PRS-1938,Aeroespacial
1938,PRS-1939,Telecomunicaciones
1939,PRS-1940,Electrónica
1940,PRS-1941,Aeroespacial
1941,PRS-1942,Mecánica
1942,PRS-1943,Informática
1943,PRS-1944,Química
1944,PRS-1945,Electrónica
1945,PRS-1946,Telecomunicaciones
1946,PRS-1947,Mecánica
1947,PRS-1948,Aeroespacial
1948,PRS-1949,Química
1949,PRS-1950,Mecánica
1950,PRS-1951,Telecomunicaciones
1951,PRS-1952,Electrónica
1952,PRS-1953,Mecánica
1953,PRS-1954,Informática
1954,PRS-1955,Aeroespacial
1955,PRS-1956,Electrónica
1956,PRS-1957,Aeroespacial
1957,PRS-1958,Mecánica
1958,PRS-1959,Mecánica
1959,PRS-1960,Aeroespacial
1960,PRS-1961,Química
1961,PRS-1962,Mecánica
1962,PRS-1963,Aeroespacial
1963,PRS-1964,Electrónica
1964,PRS-1965,Mecánica
1965,PRS-1966,Electrónica
1966,PRS-1967,Aeroespacial
1967,PRS-1968,Electrónica
1968,PRS-1969,Informática
1969,PRS-1970,Telecomunicaciones
1970,PRS-1971,Telecomunicaciones
1971,PRS-1972,Química
1972,PRS-1973,Aeroespacial
1973,PRS-1974,Electrónica
1974,PRS-1975,Informática
1975,PRS-1976,Telecomunicaciones
1976,PRS-1977,Informática
1977,PRS-1978,Electrónica
1978,PRS-1979,Química
1979,PRS-1980,Química
1980,PRS-1981,Informática
1981,PRS-1982,Aeroespacial
1982,PRS-1983,Mecánica
1983,PRS-1984,Informática
1984,PRS-1985,Informática
1985,PRS-1986,Electrónica
1986,PRS-1987,Mecánica
1987,PRS-1988,Mecánica
1988,PRS-1989,Telecomunicaciones
1989,PRS-1990,Electrónica
1990,PRS-1991,Informática
1991,PRS-1992,Telecomunicaciones
1992,PRS-1993,Telecomunicaciones
1993,PRS-1994,Electrónica
1994,PRS-1995,Electrónica
1995,PRS-1996,Mecánica
1996,PRS-1997,Aeroespacial
1997,PRS-1998,Química
1998,PRS-1999,Telecomunicaciones
1999,PRS-2000,Telecomunicaciones
